scenario,strategy,countries,survival_rate,dominance_rate,mean_survival_turns,mean_final_population,median_final_population,stdev_final_population,mean_peak_population,mean_final_territory,mean_peak_territory,mean_attacks_made,mean_attacks_suffered,mean_casualties,mean_alliance_turns,mean_pacts_formed
all_strategies,hegemony,100,0.85,0.39,275.6,87798.6,98032.5,54208.4,92766.4,95.08,104.93,238.45,101.68,56509.5,0.0,2.08
all_strategies,retaliation,100,0.58,0.29,213.0,66630.5,70587.5,65135.6,77657.0,69.31,90.04,105.19,94.61,31577.0,3.5,5.12
all_strategies,random,100,0.31,0.25,174.8,35543.9,0.0,58667.7,41457.5,39.3,67.53,127.28,94.05,29963.4,0.0,1.89
all_strategies,peace,100,0.4,0.07,185.1,37588.5,0.0,52066.2,52140.4,34.94,72.87,0.0,71.22,11782.9,3.4,5.22
all_strategies,switzerland,100,0.47,0.0,244.0,18342.6,0.0,29341.8,39626.0,16.45,59.96,0.0,109.36,20574.8,0.0,4.39
crowded,hegemony,100,0.46,0.45,135.9,15752.6,0.0,18378.6,17848.4,28.74,38.33,96.53,47.3,11089.8,0.0,1.79
crowded,retaliation,100,0.24,0.24,110.2,11377.1,0.0,21275.5,12640.4,13.37,24.37,48.6,43.27,5074.3,1.3,3.51
crowded,random,100,0.16,0.16,59.1,1863.1,0.0,4659.2,2131.0,10.03,23.5,46.61,29.19,1354.1,0.0,1.76
crowded,switzerland,100,0.27,0.05,160.2,6460.6,0.0,12528.6,10140.5,5.88,17.08,0.0,35.2,3158.5,0.0,3.85
crowded,peace,100,0.16,0.1,126.0,5849.7,0.0,14241.1,10427.7,5.35,18.48,0.0,36.78,3509.9,1.3,3.83
spacious,retaliation,100,0.68,0.49,261.0,167822.5,203712.5,146855.4,190000.6,152.41,184.17,121.05,90.75,35309.9,3.5,4.88
spacious,switzerland,100,0.99,0.1,299.7,157196.4,172770.5,69423.2,168428.0,138.52,157.82,0.0,113.27,25611.1,0.0,4.43
spacious,hegemony,100,0.92,0.02,289.1,135053.1,155184.5,59931.8,136595.7,133.4,138.41,221.83,90.49,51923.1,0.0,1.75
spacious,random,100,0.73,0.16,276.8,95032.8,90914.0,77884.1,110850.3,104.04,134.59,153.5,134.79,65293.8,0.1,2.1
spacious,peace,100,0.51,0.23,215.6,104878.4,1015.5,125860.2,123432.0,93.21,141.82,0.0,67.08,11683.4,3.4,4.8
strong_defence,hegemony,100,0.99,0.28,298.7,95292.7,86370.0,35471.7,95407.6,85.39,85.77,93.4,32.86,14087.5,0.0,2.6
strong_defence,retaliation,100,0.53,0.34,205.2,68312.7,46240.5,73680.9,73443.4,58.12,82.53,48.54,27.55,5057.4,3.4,5.13
strong_defence,peace,100,0.6,0.34,221.2,68329.9,69271.0,65585.5,74671.3,57.94,79.07,0.0,31.38,4616.9,3.4,5.54
strong_defence,switzerland,100,0.87,0.01,294.8,56830.9,63588.0,30485.4,65309.7,48.23,57.9,0.0,42.73,7610.1,0.0,4.5
strong_defence,random,100,0.09,0.03,139.7,4523.6,0.0,16717.3,8572.3,5.64,42.15,95.99,103.41,16285.7,0.1,1.99
weak_defence,hegemony,100,0.87,0.42,275.1,94762.8,103548.0,57372.4,100464.7,103.96,114.91,247.06,119.07,61475.4,0.0,1.87
weak_defence,retaliation,100,0.55,0.32,207.5,63485.5,52060.0,66176.4,72575.1,68.09,90.36,119.12,99.97,36456.9,3.2,4.91
weak_defence,random,100,0.28,0.24,168.9,42092.4,0.0,70813.5,47214.0,45.94,74.91,120.86,92.68,26468.5,0.0,1.9
weak_defence,peace,100,0.4,0.02,184.3,25447.4,0.0,38698.7,47147.1,24.76,69.62,0.0,78.78,15294.8,3.2,5.06
weak_defence,switzerland,100,0.36,0.0,221.0,12963.2,0.0,25027.4,33194.7,11.59,57.13,0.0,96.54,17587.0,0.0,4.32
slow_growth,hegemony,100,0.78,0.28,268.3,11248.5,11550.0,9148.6,11374.7,78.86,91.93,193.01,80.87,2383.4,0.0,2.07
slow_growth,retaliation,100,0.56,0.36,210.2,15622.6,8735.0,17783.6,15793.7,68.17,89.2,92.59,78.53,1543.5,3.6,5.11
slow_growth,peace,100,0.48,0.13,189.6,13020.7,0.0,16658.8,13161.2,43.57,74.03,0.0,59.78,679.1,3.6,5.23
slow_growth,random,100,0.27,0.23,167.6,3844.0,0.0,6932.2,4097.2,35.97,66.1,119.35,90.74,1950.8,0.0,1.9
slow_growth,switzerland,100,0.55,0.0,247.3,8745.2,3375.0,10326.2,9052.8,26.39,60.5,0.0,95.03,1013.9,0.0,4.37
one_aggressor,hegemony,100,1.0,0.01,300.0,63885.0,61586.0,14092.9,63888.8,58.79,58.79,68.29,0.0,1833.8,0.0,2.85
one_aggressor,peace,400,0.25,0.247,127.1,54101.9,0.0,94330.7,56458.5,49.3,89.01,0.0,17.07,455.3,7.6,6.08
many_aggressors,hegemony,400,0.44,0.245,188.2,39363.2,0.0,52550.5,42816.0,45.34,65.39,158.38,130.99,34744.5,0.0,0.26
many_aggressors,peace,100,0.19,0.02,131.4,11845.0,0.0,27841.8,17652.6,11.55,41.34,0.0,109.56,6805.4,0.0,0.96
deterrence,retaliation,200,0.365,0.31,156.8,59587.3,0.0,83805.4,63373.3,64.72,89.94,72.06,74.71,17651.3,4.9,4.17
deterrence,hegemony,200,0.45,0.125,207.6,34965.7,0.0,49812.7,41938.5,38.45,63.83,153.69,119.62,32778.1,0.0,1.1
deterrence,peace,100,0.25,0.13,135.0,33131.6,0.0,64294.0,41019.7,34.03,71.24,0.0,62.86,6559.2,4.9,4.28
neutrals,hegemony,200,0.865,0.425,279.3,98146.2,102382.0,58495.6,102855.8,100.2,109.78,250.25,119.61,68450.6,0.0,2.25
neutrals,peace,200,0.415,0.075,189.1,43505.6,0.0,59520.2,53613.2,36.41,64.39,0.0,49.74,6469.4,2.5,5.37
neutrals,switzerland,200,0.38,0.0,210.3,27916.9,0.0,39778.3,43386.3,23.15,55.38,0.0,80.89,11208.9,0.0,4.81
